-- MySQL dump 10.13  Distrib 5.7.13, for Linux (x86_64)
--
-- Host: localhost    Database: ihome
-- ------------------------------------------------------
-- Server version	5.7.13-0ubuntu0.16.04.2

/*!40101 SET @OLD_CHARACTER_SET_CLIENT=@@CHARACTER_SET_CLIENT */;
/*!40101 SET @OLD_CHARACTER_SET_RESULTS=@@CHARACTER_SET_RESULTS */;
/*!40101 SET @OLD_COLLATION_CONNECTION=@@COLLATION_CONNECTION */;
/*!40101 SET NAMES utf8 */;
/*!40103 SET @OLD_TIME_ZONE=@@TIME_ZONE */;
/*!40103 SET TIME_ZONE='+00:00' */;
/*!40014 SET @OLD_UNIQUE_CHECKS=@@UNIQUE_CHECKS, UNIQUE_CHECKS=0 */;
/*!40014 SET @OLD_FOREIGN_KEY_CHECKS=@@FOREIGN_KEY_CHECKS, FOREIGN_KEY_CHECKS=0 */;
/*!40101 SET @OLD_SQL_MODE=@@SQL_MODE, SQL_MODE='NO_AUTO_VALUE_ON_ZERO' */;
/*!40111 SET @OLD_SQL_NOTES=@@SQL_NOTES, SQL_NOTES=0 */;

--
-- Table structure for table `auth_group`
--

DROP TABLE IF EXISTS `auth_group`;
/*!40101 SET @saved_cs_client     = @@character_set_client */;
/*!40101 SET character_set_client = utf8 */;
CREATE TABLE `auth_group` (
  `id` int(11) NOT NULL AUTO_INCREMENT,
  `name` varchar(80) NOT NULL,
  PRIMARY KEY (`id`),
  UNIQUE KEY `name` (`name`)
) ENGINE=InnoDB DEFAULT CHARSET=utf8;
/*!40101 SET character_set_client = @saved_cs_client */;

--
-- Dumping data for table `auth_group`
--

LOCK TABLES `auth_group` WRITE;
/*!40000 ALTER TABLE `auth_group` DISABLE KEYS */;
/*!40000 ALTER TABLE `auth_group` ENABLE KEYS */;
UNLOCK TABLES;

--
-- Table structure for table `auth_group_permissions`
--

DROP TABLE IF EXISTS `auth_group_permissions`;
/*!40101 SET @saved_cs_client     = @@character_set_client */;
/*!40101 SET character_set_client = utf8 */;
CREATE TABLE `auth_group_permissions` (
  `id` int(11) NOT NULL AUTO_INCREMENT,
  `group_id` int(11) NOT NULL,
  `permission_id` int(11) NOT NULL,
  PRIMARY KEY (`id`),
  UNIQUE KEY `auth_group_permissions_group_id_permission_id_0cd325b0_uniq` (`group_id`,`permission_id`),
  KEY `auth_group_permissio_permission_id_84c5c92e_fk_auth_perm` (`permission_id`),
  CONSTRAINT `auth_group_permissio_permission_id_84c5c92e_fk_auth_perm` FOREIGN KEY (`permission_id`) REFERENCES `auth_permission` (`id`),
  CONSTRAINT `auth_group_permissions_group_id_b120cbf9_fk_auth_group_id` FOREIGN KEY (`group_id`) REFERENCES `auth_group` (`id`)
) ENGINE=InnoDB DEFAULT CHARSET=utf8;
/*!40101 SET character_set_client = @saved_cs_client */;

--
-- Dumping data for table `auth_group_permissions`
--

LOCK TABLES `auth_group_permissions` WRITE;
/*!40000 ALTER TABLE `auth_group_permissions` DISABLE KEYS */;
/*!40000 ALTER TABLE `auth_group_permissions` ENABLE KEYS */;
UNLOCK TABLES;

--
-- Table structure for table `auth_permission`
--

DROP TABLE IF EXISTS `auth_permission`;
/*!40101 SET @saved_cs_client     = @@character_set_client */;
/*!40101 SET character_set_client = utf8 */;
CREATE TABLE `auth_permission` (
  `id` int(11) NOT NULL AUTO_INCREMENT,
  `name` varchar(255) NOT NULL,
  `content_type_id` int(11) NOT NULL,
  `codename` varchar(100) NOT NULL,
  PRIMARY KEY (`id`),
  UNIQUE KEY `auth_permission_content_type_id_codename_01ab375a_uniq` (`content_type_id`,`codename`),
  CONSTRAINT `auth_permission_content_type_id_2f476e4b_fk_django_co` FOREIGN KEY (`content_type_id`) REFERENCES `django_content_type` (`id`)
) ENGINE=InnoDB AUTO_INCREMENT=34 DEFAULT CHARSET=utf8;
/*!40101 SET character_set_client = @saved_cs_client */;

--
-- Dumping data for table `auth_permission`
--

LOCK TABLES `auth_permission` WRITE;
/*!40000 ALTER TABLE `auth_permission` DISABLE KEYS */;
INSERT INTO `auth_permission` VALUES (1,'Can add log entry',1,'add_logentry'),(2,'Can change log entry',1,'change_logentry'),(3,'Can delete log entry',1,'delete_logentry'),(4,'Can add permission',2,'add_permission'),(5,'Can change permission',2,'change_permission'),(6,'Can delete permission',2,'delete_permission'),(7,'Can add group',3,'add_group'),(8,'Can change group',3,'change_group'),(9,'Can delete group',3,'delete_group'),(10,'Can add content type',4,'add_contenttype'),(11,'Can change content type',4,'change_contenttype'),(12,'Can delete content type',4,'delete_contenttype'),(13,'Can add session',5,'add_session'),(14,'Can change session',5,'change_session'),(15,'Can delete session',5,'delete_session'),(16,'Can add user',6,'add_user'),(17,'Can change user',6,'change_user'),(18,'Can delete user',6,'delete_user'),(19,'Can add area',7,'add_area'),(20,'Can change area',7,'change_area'),(21,'Can delete area',7,'delete_area'),(22,'Can add house',8,'add_house'),(23,'Can change house',8,'change_house'),(24,'Can delete house',8,'delete_house'),(25,'Can add facility',9,'add_facility'),(26,'Can change facility',9,'change_facility'),(27,'Can delete facility',9,'delete_facility'),(28,'Can add house image',10,'add_houseimage'),(29,'Can change house image',10,'change_houseimage'),(30,'Can delete house image',10,'delete_houseimage'),(31,'Can add order',11,'add_order'),(32,'Can change order',11,'change_order'),(33,'Can delete order',11,'delete_order');
/*!40000 ALTER TABLE `auth_permission` ENABLE KEYS */;
UNLOCK TABLES;

--
-- Table structure for table `django_admin_log`
--

DROP TABLE IF EXISTS `django_admin_log`;
/*!40101 SET @saved_cs_client     = @@character_set_client */;
/*!40101 SET character_set_client = utf8 */;
CREATE TABLE `django_admin_log` (
  `id` int(11) NOT NULL AUTO_INCREMENT,
  `action_time` datetime(6) NOT NULL,
  `object_id` longtext,
  `object_repr` varchar(200) NOT NULL,
  `action_flag` smallint(5) unsigned NOT NULL,
  `change_message` longtext NOT NULL,
  `content_type_id` int(11) DEFAULT NULL,
  `user_id` int(11) NOT NULL,
  PRIMARY KEY (`id`),
  KEY `django_admin_log_content_type_id_c4bce8eb_fk_django_co` (`content_type_id`),
  KEY `django_admin_log_user_id_c564eba6_fk_tb_user_id` (`user_id`),
  CONSTRAINT `django_admin_log_content_type_id_c4bce8eb_fk_django_co` FOREIGN KEY (`content_type_id`) REFERENCES `django_content_type` (`id`),
  CONSTRAINT `django_admin_log_user_id_c564eba6_fk_tb_user_id` FOREIGN KEY (`user_id`) REFERENCES `tb_user` (`id`)
) ENGINE=InnoDB DEFAULT CHARSET=utf8;
/*!40101 SET character_set_client = @saved_cs_client */;

--
-- Dumping data for table `django_admin_log`
--

LOCK TABLES `django_admin_log` WRITE;
/*!40000 ALTER TABLE `django_admin_log` DISABLE KEYS */;
/*!40000 ALTER TABLE `django_admin_log` ENABLE KEYS */;
UNLOCK TABLES;

--
-- Table structure for table `django_content_type`
--

DROP TABLE IF EXISTS `django_content_type`;
/*!40101 SET @saved_cs_client     = @@character_set_client */;
/*!40101 SET character_set_client = utf8 */;
CREATE TABLE `django_content_type` (
  `id` int(11) NOT NULL AUTO_INCREMENT,
  `app_label` varchar(100) NOT NULL,
  `model` varchar(100) NOT NULL,
  PRIMARY KEY (`id`),
  UNIQUE KEY `django_content_type_app_label_model_76bd3d3b_uniq` (`app_label`,`model`)
) ENGINE=InnoDB AUTO_INCREMENT=12 DEFAULT CHARSET=utf8;
/*!40101 SET character_set_client = @saved_cs_client */;

--
-- Dumping data for table `django_content_type`
--

LOCK TABLES `django_content_type` WRITE;
/*!40000 ALTER TABLE `django_content_type` DISABLE KEYS */;
INSERT INTO `django_content_type` VALUES (1,'admin','logentry'),(3,'auth','group'),(2,'auth','permission'),(4,'contenttypes','contenttype'),(7,'homes','area'),(9,'homes','facility'),(8,'homes','house'),(10,'homes','houseimage'),(11,'order','order'),(5,'sessions','session'),(6,'users','user');
/*!40000 ALTER TABLE `django_content_type` ENABLE KEYS */;
UNLOCK TABLES;

--
-- Table structure for table `django_migrations`
--

DROP TABLE IF EXISTS `django_migrations`;
/*!40101 SET @saved_cs_client     = @@character_set_client */;
/*!40101 SET character_set_client = utf8 */;
CREATE TABLE `django_migrations` (
  `id` int(11) NOT NULL AUTO_INCREMENT,
  `app` varchar(255) NOT NULL,
  `name` varchar(255) NOT NULL,
  `applied` datetime(6) NOT NULL,
  PRIMARY KEY (`id`)
) ENGINE=InnoDB AUTO_INCREMENT=25 DEFAULT CHARSET=utf8;
/*!40101 SET character_set_client = @saved_cs_client */;

--
-- Dumping data for table `django_migrations`
--

LOCK TABLES `django_migrations` WRITE;
/*!40000 ALTER TABLE `django_migrations` DISABLE KEYS */;
INSERT INTO `django_migrations` VALUES (1,'contenttypes','0001_initial','2019-10-17 09:56:32.577490'),(2,'contenttypes','0002_remove_content_type_name','2019-10-17 09:56:32.618788'),(3,'auth','0001_initial','2019-10-17 09:56:32.734220'),(4,'auth','0002_alter_permission_name_max_length','2019-10-17 09:56:32.757855'),(5,'auth','0003_alter_user_email_max_length','2019-10-17 09:56:32.766015'),(6,'auth','0004_alter_user_username_opts','2019-10-17 09:56:32.774423'),(7,'auth','0005_alter_user_last_login_null','2019-10-17 09:56:32.782745'),(8,'auth','0006_require_contenttypes_0002','2019-10-17 09:56:32.786531'),(9,'auth','0007_alter_validators_add_error_messages','2019-10-17 09:56:32.796980'),(10,'auth','0008_alter_user_username_max_length','2019-10-17 09:56:32.805782'),(11,'users','0001_initial','2019-10-17 09:56:32.988643'),(12,'admin','0001_initial','2019-10-17 09:56:33.052931'),(13,'admin','0002_logentry_remove_auto_add','2019-10-17 09:56:33.069838'),(14,'sessions','0001_initial','2019-10-17 09:56:33.090051'),(15,'users','0002_user_avatar','2019-10-18 01:41:49.599046'),(16,'users','0003_auto_20191018_0257','2019-10-18 02:57:29.097599'),(17,'homes','0001_initial','2019-10-18 08:11:08.433301'),(18,'homes','0002_auto_20191018_0818','2019-10-18 08:18:12.464764'),(19,'homes','0003_auto_20191018_1622','2019-10-18 08:23:04.855297'),(21,'homes','0004_facility_house','2019-10-18 09:25:34.061290'),(22,'homes','0005_houseimage','2019-10-18 11:15:26.361470'),(23,'order','0001_initial','2019-10-18 12:22:46.158675'),(24,'order','0002_auto_20191018_2209','2019-10-18 14:09:26.446041');
/*!40000 ALTER TABLE `django_migrations` ENABLE KEYS */;
UNLOCK TABLES;

--
-- Table structure for table `django_session`
--

DROP TABLE IF EXISTS `django_session`;
/*!40101 SET @saved_cs_client     = @@character_set_client */;
/*!40101 SET character_set_client = utf8 */;
CREATE TABLE `django_session` (
  `session_key` varchar(40) NOT NULL,
  `session_data` longtext NOT NULL,
  `expire_date` datetime(6) NOT NULL,
  PRIMARY KEY (`session_key`),
  KEY `django_session_expire_date_a5c62663` (`expire_date`)
) ENGINE=InnoDB DEFAULT CHARSET=utf8;
/*!40101 SET character_set_client = @saved_cs_client */;

--
-- Dumping data for table `django_session`
--

LOCK TABLES `django_session` WRITE;
/*!40000 ALTER TABLE `django_session` DISABLE KEYS */;
/*!40000 ALTER TABLE `django_session` ENABLE KEYS */;
UNLOCK TABLES;

--
-- Table structure for table `tb_area`
--

DROP TABLE IF EXISTS `tb_area`;
/*!40101 SET @saved_cs_client     = @@character_set_client */;
/*!40101 SET character_set_client = utf8 */;
CREATE TABLE `tb_area` (
  `id` int(11) NOT NULL AUTO_INCREMENT,
  `create_time` datetime(6) NOT NULL,
  `update_time` datetime(6) NOT NULL,
  `name` varchar(32) NOT NULL,
  PRIMARY KEY (`id`)
) ENGINE=InnoDB AUTO_INCREMENT=16 DEFAULT CHARSET=utf8;
/*!40101 SET character_set_client = @saved_cs_client */;

--
-- Dumping data for table `tb_area`
--

LOCK TABLES `tb_area` WRITE;
/*!40000 ALTER TABLE `tb_area` DISABLE KEYS */;
INSERT INTO `tb_area` VALUES (1,'2019-10-10 00:00:00.000000','2019-10-10 00:00:00.000000','东城区'),(2,'2019-10-10 00:00:00.000000','2019-10-10 00:00:00.000000','西城区'),(3,'2019-10-10 00:00:00.000000','2019-10-10 00:00:00.000000','朝阳区'),(4,'2019-10-10 00:00:00.000000','2019-10-10 00:00:00.000000','海淀区'),(5,'2019-10-10 00:00:00.000000','2019-10-10 00:00:00.000000','昌平区'),(6,'2019-10-10 00:00:00.000000','2019-10-10 00:00:00.000000','丰台区'),(7,'2019-10-10 00:00:00.000000','2019-10-10 00:00:00.000000','房山区'),(8,'2019-10-10 00:00:00.000000','2019-10-10 00:00:00.000000','通州区'),(9,'2019-10-10 00:00:00.000000','2019-10-10 00:00:00.000000','顺义区'),(10,'2019-10-10 00:00:00.000000','2019-10-10 00:00:00.000000','大兴区'),(11,'2019-10-10 00:00:00.000000','2019-10-10 00:00:00.000000','怀柔区'),(12,'2019-10-10 00:00:00.000000','2019-10-10 00:00:00.000000','平谷区'),(13,'2019-10-10 00:00:00.000000','2019-10-10 00:00:00.000000','密云区'),(14,'2019-10-10 00:00:00.000000','2019-10-10 00:00:00.000000','延庆区'),(15,'2019-10-10 00:00:00.000000','2019-10-10 00:00:00.000000','石景山区');
/*!40000 ALTER TABLE `tb_area` ENABLE KEYS */;
UNLOCK TABLES;

--
-- Table structure for table `tb_facility`
--

DROP TABLE IF EXISTS `tb_facility`;
/*!40101 SET @saved_cs_client     = @@character_set_client */;
/*!40101 SET character_set_client = utf8 */;
CREATE TABLE `tb_facility` (
  `id` int(11) NOT NULL AUTO_INCREMENT,
  `create_time` datetime(6) NOT NULL,
  `update_time` datetime(6) NOT NULL,
  `name` varchar(32) NOT NULL,
  PRIMARY KEY (`id`)
) ENGINE=InnoDB AUTO_INCREMENT=24 DEFAULT CHARSET=utf8;
/*!40101 SET character_set_client = @saved_cs_client */;

--
-- Dumping data for table `tb_facility`
--

LOCK TABLES `tb_facility` WRITE;
/*!40000 ALTER TABLE `tb_facility` DISABLE KEYS */;
INSERT INTO `tb_facility` VALUES (1,'2019-10-10 00:00:00.000000','2019-10-10 00:00:00.000000','无线网络'),(2,'2019-10-10 00:00:00.000000','2019-10-10 00:00:00.000000','热水淋浴'),(3,'2019-10-10 00:00:00.000000','2019-10-10 00:00:00.000000','空调'),(4,'2019-10-10 00:00:00.000000','2019-10-10 00:00:00.000000','暖气'),(5,'2019-10-10 00:00:00.000000','2019-10-10 00:00:00.000000','允许吸烟'),(6,'2019-10-10 00:00:00.000000','2019-10-10 00:00:00.000000','饮水设备'),(7,'2019-10-10 00:00:00.000000','2019-10-10 00:00:00.000000','牙具'),(8,'2019-10-10 00:00:00.000000','2019-10-10 00:00:00.000000','香皂'),(9,'2019-10-10 00:00:00.000000','2019-10-10 00:00:00.000000','拖鞋'),(10,'2019-10-10 00:00:00.000000','2019-10-10 00:00:00.000000','手纸'),(11,'2019-10-10 00:00:00.000000','2019-10-10 00:00:00.000000','毛巾'),(12,'2019-10-10 00:00:00.000000','2019-10-10 00:00:00.000000','沐浴露、洗发露'),(13,'2019-10-10 00:00:00.000000','2019-10-10 00:00:00.000000','冰箱'),(14,'2019-10-10 00:00:00.000000','2019-10-10 00:00:00.000000','洗衣机'),(15,'2019-10-10 00:00:00.000000','2019-10-10 00:00:00.000000','电梯'),(16,'2019-10-10 00:00:00.000000','2019-10-10 00:00:00.000000','允许做饭'),(17,'2019-10-10 00:00:00.000000','2019-10-10 00:00:00.000000','允许带宠物'),(18,'2019-10-10 00:00:00.000000','2019-10-10 00:00:00.000000','允许聚会'),(19,'2019-10-10 00:00:00.000000','2019-10-10 00:00:00.000000','门禁系统'),(20,'2019-10-10 00:00:00.000000','2019-10-10 00:00:00.000000','停车位'),(21,'2019-10-10 00:00:00.000000','2019-10-10 00:00:00.000000','有线网络'),(22,'2019-10-10 00:00:00.000000','2019-10-10 00:00:00.000000','电视'),(23,'2019-10-10 00:00:00.000000','2019-10-10 00:00:00.000000','浴缸');
/*!40000 ALTER TABLE `tb_facility` ENABLE KEYS */;
UNLOCK TABLES;

--
-- Table structure for table `tb_house`
--

DROP TABLE IF EXISTS `tb_house`;
/*!40101 SET @saved_cs_client     = @@character_set_client */;
/*!40101 SET character_set_client = utf8 */;
CREATE TABLE `tb_house` (
  `id` int(11) NOT NULL AUTO_INCREMENT,
  `create_time` datetime(6) NOT NULL,
  `update_time` datetime(6) NOT NULL,
  `title` varchar(64) NOT NULL,
  `price` int(11) NOT NULL,
  `address` varchar(512) NOT NULL,
  `room_count` int(11) NOT NULL,
  `acreage` int(11) NOT NULL,
  `unit` varchar(32) NOT NULL,
  `capacity` int(11) NOT NULL,
  `beds` varchar(64) NOT NULL,
  `deposit` int(11) NOT NULL,
  `min_days` int(11) NOT NULL,
  `max_days` int(11) NOT NULL,
  `order_count` int(11) NOT NULL,
  `index_image_url` varchar(256) NOT NULL,
  `area_id` int(11) NOT NULL,
  `user_id` int(11) NOT NULL,
  PRIMARY KEY (`id`),
  KEY `tb_house_area_id_e5c62cec_fk_tb_area_id` (`area_id`),
  KEY `tb_house_user_id_e2eae8d9_fk_tb_user_id` (`user_id`),
  CONSTRAINT `tb_house_area_id_e5c62cec_fk_tb_area_id` FOREIGN KEY (`area_id`) REFERENCES `tb_area` (`id`),
  CONSTRAINT `tb_house_user_id_e2eae8d9_fk_tb_user_id` FOREIGN KEY (`user_id`) REFERENCES `tb_user` (`id`)
) ENGINE=InnoDB AUTO_INCREMENT=12 DEFAULT CHARSET=utf8;
/*!40101 SET character_set_client = @saved_cs_client */;

--
-- Dumping data for table `tb_house`
--

LOCK TABLES `tb_house` WRITE;
/*!40000 ALTER TABLE `tb_house` DISABLE KEYS */;
INSERT INTO `tb_house` VALUES (5,'2019-10-18 11:57:23.240820','2019-10-18 15:53:15.149375','圣湖观澜国际',100000,'晋源区南中环桥西圣湖观澜国际',3,100,'三室两厅两卫',100,'双人床',100000,10,0,1,'FoBfLReJRSyfjyeEBHE3GqbhpXsh',1,1),(6,'2019-10-18 12:59:40.479205','2019-10-18 12:59:57.290029','皇家一号',90000,'啦啦啦啦',2,100,'额额额',3,'发发撒发放',10000,3,0,0,'FrzBP39cOSVQeUv7T3XZRQOUcY3U',7,1),(7,'2019-10-18 13:01:09.577407','2019-10-18 13:01:14.228268','金城国际',70000,'按时发顺丰',3,1212,'313131',11,'111',1100,11,1111,0,'Fi9i_87vw7FTSaTThNctLFrqGQBK',1,1),(8,'2020-08-10 03:29:24.291690','2020-08-10 03:29:36.167846','测试房屋',25000,'北京市海淀区',1,40,'一室一厅',2,'双人床 2*1.8',20000,1,0,0,'Ftn8rskwo9VbMG-cnu1dBYYk3uxp',1,4),(9,'2020-08-10 14:14:48.010977','2020-08-10 15:04:19.184981','测试1111',11100,'1111111',11,222,'三室两厅',3,'1122',11100,1,0,0,'Ftn8rskwo9VbMG-cnu1dBYYk3uxp',1,4),(10,'2020-08-10 23:47:55.482881','2020-08-11 00:03:30.313676','主题酒店',10000,'望京大厦',2,40,'一室一厅',2,'双人床 2*1.8',20000,2,0,1,'Fpfazkg2UwE-KwLhlfSJnZ0b4R-E',3,4),(11,'2020-08-11 01:07:13.573368','2020-08-11 01:11:39.184030','2222',22200,'222222',22,222,'222',2,'22',2200,2,0,1,'Fpfazkg2UwE-KwLhlfSJnZ0b4R-E',1,6);
/*!40000 ALTER TABLE `tb_house` ENABLE KEYS */;
UNLOCK TABLES;

--
-- Table structure for table `tb_house_facility`
--

DROP TABLE IF EXISTS `tb_house_facility`;
/*!40101 SET @saved_cs_client     = @@character_set_client */;
/*!40101 SET character_set_client = utf8 */;
CREATE TABLE `tb_house_facility` (
  `id` int(11) NOT NULL AUTO_INCREMENT,
  `house_id` int(11) NOT NULL,
  `facility_id` int(11) NOT NULL,
  PRIMARY KEY (`id`),
  UNIQUE KEY `tb_house_facility_house_id_facility_id_57acd170_uniq` (`house_id`,`facility_id`),
  KEY `tb_house_facility_facility_id_7fb39e4b_fk_tb_facility_id` (`facility_id`),
  CONSTRAINT `tb_house_facility_facility_id_7fb39e4b_fk_tb_facility_id` FOREIGN KEY (`facility_id`) REFERENCES `tb_facility` (`id`),
  CONSTRAINT `tb_house_facility_house_id_4c34f715_fk_tb_house_id` FOREIGN KEY (`house_id`) REFERENCES `tb_house` (`id`)
) ENGINE=InnoDB AUTO_INCREMENT=42 DEFAULT CHARSET=utf8;
/*!40101 SET character_set_client = @saved_cs_client */;

--
-- Dumping data for table `tb_house_facility`
--

LOCK TABLES `tb_house_facility` WRITE;
/*!40000 ALTER TABLE `tb_house_facility` DISABLE KEYS */;
INSERT INTO `tb_house_facility` VALUES (13,5,1),(14,5,2),(15,5,4),(16,6,1),(17,6,3),(18,6,21),(19,7,3),(20,7,5),(21,8,1),(22,8,2),(23,8,3),(24,8,12),(25,8,13),(26,8,14),(27,8,21),(28,8,22),(29,9,1),(30,9,2),(31,9,3),(32,9,4),(33,10,1),(34,10,2),(35,10,8),(36,10,10),(37,11,1),(38,11,2),(39,11,4),(40,11,6),(41,11,7);
/*!40000 ALTER TABLE `tb_house_facility` ENABLE KEYS */;
UNLOCK TABLES;

--
-- Table structure for table `tb_house_image`
--

DROP TABLE IF EXISTS `tb_house_image`;
/*!40101 SET @saved_cs_client     = @@character_set_client */;
/*!40101 SET character_set_client = utf8 */;
CREATE TABLE `tb_house_image` (
  `id` int(11) NOT NULL AUTO_INCREMENT,
  `create_time` datetime(6) NOT NULL,
  `update_time` datetime(6) NOT NULL,
  `url` varchar(256) NOT NULL,
  `house_id` int(11) NOT NULL,
  PRIMARY KEY (`id`),
  KEY `tb_house_image_house_id_8043e672_fk_tb_house_id` (`house_id`),
  CONSTRAINT `tb_house_image_house_id_8043e672_fk_tb_house_id` FOREIGN KEY (`house_id`) REFERENCES `tb_house` (`id`)
) ENGINE=InnoDB AUTO_INCREMENT=9 DEFAULT CHARSET=utf8;
/*!40101 SET character_set_client = @saved_cs_client */;

--
-- Dumping data for table `tb_house_image`
--

LOCK TABLES `tb_house_image` WRITE;
/*!40000 ALTER TABLE `tb_house_image` DISABLE KEYS */;
INSERT INTO `tb_house_image` VALUES (2,'2019-10-18 11:57:48.739223','2019-10-18 11:57:48.739266','FoBfLReJRSyfjyeEBHE3GqbhpXsh',5),(3,'2019-10-18 12:59:57.292051','2019-10-18 12:59:57.292093','FrzBP39cOSVQeUv7T3XZRQOUcY3U',6),(4,'2019-10-18 13:01:14.230171','2019-10-18 13:01:14.230216','Fi9i_87vw7FTSaTThNctLFrqGQBK',7),(5,'2020-08-10 03:29:36.180447','2020-08-10 03:29:36.180495','Ftn8rskwo9VbMG-cnu1dBYYk3uxp',8),(6,'2020-08-10 15:04:19.239925','2020-08-10 15:04:19.240079','Ftn8rskwo9VbMG-cnu1dBYYk3uxp',9),(7,'2020-08-10 23:48:02.421890','2020-08-10 23:48:02.421993','Fpfazkg2UwE-KwLhlfSJnZ0b4R-E',10),(8,'2020-08-11 01:07:26.912411','2020-08-11 01:07:26.912501','Fpfazkg2UwE-KwLhlfSJnZ0b4R-E',11);
/*!40000 ALTER TABLE `tb_house_image` ENABLE KEYS */;
UNLOCK TABLES;

--
-- Table structure for table `tb_order`
--

DROP TABLE IF EXISTS `tb_order`;
/*!40101 SET @saved_cs_client     = @@character_set_client */;
/*!40101 SET character_set_client = utf8 */;
CREATE TABLE `tb_order` (
  `id` int(11) NOT NULL AUTO_INCREMENT,
  `create_time` datetime(6) NOT NULL,
  `update_time` datetime(6) NOT NULL,
  `begin_date` date NOT NULL,
  `end_date` date NOT NULL,
  `days` int(11) NOT NULL,
  `house_price` int(11) NOT NULL,
  `amount` int(11) NOT NULL,
  `status` smallint(6) NOT NULL,
  `comment` longtext,
  `house_id` int(11) NOT NULL,
  `user_id` int(11) NOT NULL,
  PRIMARY KEY (`id`),
  KEY `tb_order_house_id_834e98e0_fk_tb_house_id` (`house_id`),
  KEY `tb_order_user_id_f82184d0_fk_tb_user_id` (`user_id`),
  KEY `tb_order_status_29325d74` (`status`),
  CONSTRAINT `tb_order_house_id_834e98e0_fk_tb_house_id` FOREIGN KEY (`house_id`) REFERENCES `tb_house` (`id`),
  CONSTRAINT `tb_order_user_id_f82184d0_fk_tb_user_id` FOREIGN KEY (`user_id`) REFERENCES `tb_user` (`id`)
) ENGINE=InnoDB AUTO_INCREMENT=6 DEFAULT CHARSET=utf8;
/*!40101 SET character_set_client = @saved_cs_client */;

--
-- Dumping data for table `tb_order`
--

LOCK TABLES `tb_order` WRITE;
/*!40000 ALTER TABLE `tb_order` DISABLE KEYS */;
INSERT INTO `tb_order` VALUES (1,'2019-10-18 14:58:02.610546','2019-10-18 15:35:43.505364','2019-10-18','2019-10-26',8,100000,800000,6,'满了',5,3),(2,'2019-10-18 15:04:56.385949','2019-10-18 15:53:17.470011','2019-10-26','2019-10-30',4,100000,400000,4,'bbbbb',5,3),(3,'2020-08-10 03:23:40.364120','2020-08-10 03:23:40.364173','2020-08-10','2020-08-13',3,100000,300000,0,NULL,5,4),(4,'2020-08-11 00:02:50.273909','2020-08-11 00:03:30.403588','2020-08-11','2020-08-12',1,10000,10000,4,'环境很好',10,5),(5,'2020-08-11 01:09:52.074442','2020-08-11 01:11:39.209883','2020-08-11','2020-08-13',2,22200,44400,4,'环境很好 很棒',11,4);
/*!40000 ALTER TABLE `tb_order` ENABLE KEYS */;
UNLOCK TABLES;

--
-- Table structure for table `tb_user`
--

DROP TABLE IF EXISTS `tb_user`;
/*!40101 SET @saved_cs_client     = @@character_set_client */;
/*!40101 SET character_set_client = utf8 */;
CREATE TABLE `tb_user` (
  `id` int(11) NOT NULL AUTO_INCREMENT,
  `password` varchar(128) NOT NULL,
  `last_login` datetime(6) DEFAULT NULL,
  `is_superuser` tinyint(1) NOT NULL,
  `username` varchar(150) NOT NULL,
  `first_name` varchar(30) NOT NULL,
  `last_name` varchar(30) NOT NULL,
  `email` varchar(254) NOT NULL,
  `is_staff` tinyint(1) NOT NULL,
  `is_active` tinyint(1) NOT NULL,
  `date_joined` datetime(6) NOT NULL,
  `mobile` varchar(11) NOT NULL,
  `avatar` varchar(100) DEFAULT NULL,
  `id_card` varchar(20) DEFAULT NULL,
  `real_name` varchar(32) DEFAULT NULL,
  PRIMARY KEY (`id`),
  UNIQUE KEY `username` (`username`),
  UNIQUE KEY `mobile` (`mobile`)
) ENGINE=InnoDB AUTO_INCREMENT=7 DEFAULT CHARSET=utf8;
/*!40101 SET character_set_client = @saved_cs_client */;

--
-- Dumping data for table `tb_user`
--

LOCK TABLES `tb_user` WRITE;
/*!40000 ALTER TABLE `tb_user` DISABLE KEYS */;
INSERT INTO `tb_user` VALUES (1,'pbkdf2_sha256$36000$Z2dh7esu0ya3$/RT7eEYzyyKSasnS1AKnCK2tz2nmUBQNpanIKXsaTMs=','2019-10-18 15:33:17.789439',0,'loco','','','',0,1,'2019-10-17 10:08:15.873622','18511551140','FqcUIFWbzItcDAfZ2bPFCXJ7Ti_e','142603198912252222','曹哲'),(2,'pbkdf2_sha256$36000$akzM4y46XjV1$v09Uo4WsRD/E1HpT7kvGA7hqvRIFQxGPicorYM6L2II=','2019-10-17 11:38:35.016839',0,'18511551141','','','',0,1,'2019-10-17 11:38:34.968995','18511551141',NULL,NULL,NULL),(3,'pbkdf2_sha256$36000$6VjLiNV2KMOI$T3ko3KDEmC97UoqTp9EK4zncy3phQo5wgNRGeIA+9qQ=','2019-10-18 15:35:57.947001',0,'13111111111','','','',0,1,'2019-10-18 03:26:49.905151','13111111111','FquXQrIxBckl_QTq95bkvBtQoWBe','142603198912252222','曹哲'),(4,'pbkdf2_sha256$150000$4z6MDQqYHzf3$YToNE7HtQHwgTflEdmg1IuOK2uy+Tf35H657BFsqKJA=','2020-08-11 01:08:50.319038',0,'13121631612','','','',0,1,'2020-08-10 03:21:48.470549','13121631612','Fgbbi8UqJyQgDHMUcfL13EEq8N6O','130521199008254058','左文彬'),(5,'pbkdf2_sha256$150000$rCXWNX78PifN$vSNPC18X6NW+avA9622q90/My/W/k3sh8chARBEvb5Y=','2020-08-10 23:42:29.787629',0,'13122222222','','','',0,1,'2020-08-10 23:42:29.487647','13122222222','',NULL,NULL),(6,'pbkdf2_sha256$150000$M1E1LfTMzBMn$pS0b0Waq6M0phT0VnfR9PnNNQZK+O6p6CUrkwV/nncE=','2020-08-11 01:03:37.568078',0,'13133333333','','','',0,1,'2020-08-11 01:03:36.835174','13133333333','FoBfLReJRSyfjyeEBHE3GqbhpXsh','130521199008254058','左文斌');
/*!40000 ALTER TABLE `tb_user` ENABLE KEYS */;
UNLOCK TABLES;

--
-- Table structure for table `tb_user_groups`
--

DROP TABLE IF EXISTS `tb_user_groups`;
/*!40101 SET @saved_cs_client     = @@character_set_client */;
/*!40101 SET character_set_client = utf8 */;
CREATE TABLE `tb_user_groups` (
  `id` int(11) NOT NULL AUTO_INCREMENT,
  `user_id` int(11) NOT NULL,
  `group_id` int(11) NOT NULL,
  PRIMARY KEY (`id`),
  UNIQUE KEY `tb_user_groups_user_id_group_id_adb62351_uniq` (`user_id`,`group_id`),
  KEY `tb_user_groups_group_id_3d826fde_fk_auth_group_id` (`group_id`),
  CONSTRAINT `tb_user_groups_group_id_3d826fde_fk_auth_group_id` FOREIGN KEY (`group_id`) REFERENCES `auth_group` (`id`),
  CONSTRAINT `tb_user_groups_user_id_162ae03c_fk_tb_user_id` FOREIGN KEY (`user_id`) REFERENCES `tb_user` (`id`)
) ENGINE=InnoDB DEFAULT CHARSET=utf8;
/*!40101 SET character_set_client = @saved_cs_client */;

--
-- Dumping data for table `tb_user_groups`
--

LOCK TABLES `tb_user_groups` WRITE;
/*!40000 ALTER TABLE `tb_user_groups` DISABLE KEYS */;
/*!40000 ALTER TABLE `tb_user_groups` ENABLE KEYS */;
UNLOCK TABLES;

--
-- Table structure for table `tb_user_user_permissions`
--

DROP TABLE IF EXISTS `tb_user_user_permissions`;
/*!40101 SET @saved_cs_client     = @@character_set_client */;
/*!40101 SET character_set_client = utf8 */;
CREATE TABLE `tb_user_user_permissions` (
  `id` int(11) NOT NULL AUTO_INCREMENT,
  `user_id` int(11) NOT NULL,
  `permission_id` int(11) NOT NULL,
  PRIMARY KEY (`id`),
  UNIQUE KEY `tb_user_user_permissions_user_id_permission_id_fb1d58db_uniq` (`user_id`,`permission_id`),
  KEY `tb_user_user_permiss_permission_id_83890c0b_fk_auth_perm` (`permission_id`),
  CONSTRAINT `tb_user_user_permiss_permission_id_83890c0b_fk_auth_perm` FOREIGN KEY (`permission_id`) REFERENCES `auth_permission` (`id`),
  CONSTRAINT `tb_user_user_permissions_user_id_1b639637_fk_tb_user_id` FOREIGN KEY (`user_id`) REFERENCES `tb_user` (`id`)
) ENGINE=InnoDB DEFAULT CHARSET=utf8;
/*!40101 SET character_set_client = @saved_cs_client */;

--
-- Dumping data for table `tb_user_user_permissions`
--

LOCK TABLES `tb_user_user_permissions` WRITE;
/*!40000 ALTER TABLE `tb_user_user_permissions` DISABLE KEYS */;
/*!40000 ALTER TABLE `tb_user_user_permissions` ENABLE KEYS */;
UNLOCK TABLES;
/*!40103 SET TIME_ZONE=@OLD_TIME_ZONE */;

/*!40101 SET SQL_MODE=@OLD_SQL_MODE */;
/*!40014 SET FOREIGN_KEY_CHECKS=@OLD_FOREIGN_KEY_CHECKS */;
/*!40014 SET UNIQUE_CHECKS=@OLD_UNIQUE_CHECKS */;
/*!40101 SET CHARACTER_SET_CLIENT=@OLD_CHARACTER_SET_CLIENT */;
/*!40101 SET CHARACTER_SET_RESULTS=@OLD_CHARACTER_SET_RESULTS */;
/*!40101 SET COLLATION_CONNECTION=@OLD_COLLATION_CONNECTION */;
/*!40111 SET SQL_NOTES=@OLD_SQL_NOTES */;

-- Dump completed on 2020-08-11  9:46:16
